col1,col2,col3,col4,col5,col6,col7,venue_type
Misr Stadium,"93,940",The New Capital,Egypt,Africa,Egypt national football team,Association football,Stadium
Jakarta International Stadium,"82,000",Jakarta,Indonesia,Southeast Asia,"Persija Jakarta, Indonesia national football team",Association football,Stadium
Estadio Monumental,"80,093",Lima,Peru,South America,Universitario de Deportes,Association football,Stadium
Stade des Martyrs,"80,000",Kinshasa,Democratic Republic of the Congo,Africa,DR Congo national football team,Association football,Stadium
Allianz Arena,"75,024",Munich,Germany,Europe,Bayern Munich,Association football,Stadium
Ibn Batouta Stadium,"75,000",Tangier,Morocco,Africa,"IR Tanger, Morocco national football team",Association football,Stadium
Mercedes-Benz Stadium,"73,019",Atlanta,United States,North America,"Atlanta Falcons, Atlanta United FC","American football, association football",Stadium
Shanghai Stadium,"72,000",Shanghai,China,East Asia,Shanghai Shenhua,Association football,Stadium
Metropolitano Stadium,"70,692",Madrid,Spain,Europe,Atlético Madrid,Association football,Stadium
SoFi Stadium,"70,240",Inglewood, United States,North America,"Los Angeles Rams, Los Angeles Chargers, hosts LA Bowl",American football,Stadium
Seoul Olympic Stadium,"68,900",Seoul,South Korea,East Asia,South Korea national football team,"Athletics, association football",Stadium
Krestovsky Stadium,"68,134",Saint Petersburg,Russia,Europe,FC Zenit Saint Petersburg,Association football,Stadium
Estádio da Luz,"68,100",Lisbon,Portugal,Europe,Benfica,Association football,Stadium
Workers' Stadium,"68,000",Beijing,China,East Asia,"Beijing Guoan, China national football team",Association football,Stadium
Stade Vélodrome,"67,344",Marseille,France,Europe,"Olympique de Marseille, RC Toulon*","Association football, rugby union",Stadium
The Dome at America's Center,"67,277",St. Louis,United States,North America,St. Louis BattleHawks,American football,Stadium
Puskás Aréna,"67,215",Budapest,Hungary,Europe,Hungary national football team,Association football,Stadium
Murrayfield Stadium,"67,144",Edinburgh,United Kingdom,Europe,Scotland national rugby union team* 87 ,Rugby union,Stadium
Seoul World Cup Stadium,"66,806",Seoul,South Korea,East Asia,"South Korea national football team, FC Seoul",Association football,Stadium
U.S. Bank Stadium,"66,655",Minneapolis,United States,North America,Minnesota Vikings,American football,Stadium
Daegu Stadium,"66,422",Daegu,South Korea,East Asia,Daegu FC,"Athletics, association football",Stadium
Lane Stadium,"66,233","Blacksburg, Virginia",United States,North America,Virginia Tech Hokies football,American football,Stadium
Raymond James Stadium,"65,847","Tampa, Florida",United States,North America,"Tampa Bay Buccaneers, South Florida Bulls football (through 2026), Tampa Bay Vipers",American football,Stadium
Paycor Stadium,"65,515",Cincinnati,United States,North America,Cincinnati Bengals,American football,Stadium
Allegiant Stadium,"65,000","Paradise, Nevada(postal address Las Vegas)", United States,North America,"Las Vegas Raiders, UNLV Rebels football, hosts Las Vegas Bowl",American football,Stadium
Mogadishu Stadium,"65,000",Mogadishu,Somalia,Africa,"Somalia national football team, Elman FC and other local teams",Association football,Stadium
Basra International Stadium,"65,000",Basra,Iraq,Western Asia,Iraq national football team,Association football,Stadium
Kamuzu Stadium,"65,000",Blantyre,Malawi,Africa,Malawi national football team,Association football,Stadium
Alamodome,"65,000",San Antonio,United States,North America,UTSA Roadrunners football San Antonio Brahmas,"American football, baseball",Stadium
Ford Field,"65,000",Detroit,United States,North America,Detroit Lions,American football,Stadium
Hammadi Agrebi Stadium,"65,000",Radès,Tunisia,Africa,Tunisia national football team,Association football,Stadium
Tripoli Stadium,"65,000",Tripoli,Libya,Africa,"Libya national football team, Al-Ahly, Al-Ittihad, Al Madina",Association football,Stadium
Vaught–Hemingway Stadium,"64,038","University, Mississippi",United States,North America,Ole Miss Rebels football,American football,Stadium
Saitama Stadium 2002,"63,700",Saitama,Japan,East Asia,Urawa Red Diamonds,Association football,Stadium
Dalian Barracuda Bay Football Stadium,"63,671","Dalian, Liaoning",China,East Asia,"Dalian Professional F.C., China national football team*",Association football,Stadium
State Farm Stadium,"63,400","Glendale, Arizona",United States,North America,Arizona Cardinals,American football,Stadium
Oakland Coliseum,"63,026","Oakland, California",United States,North America,"Oakland Athletics, Oakland Roots SC, Oakland Soul SC","Association football, baseball",Stadium
Kenan Memorial Stadium,"62,980","Chapel Hill, North Carolina",United States,North America,North Carolina Tar Heels football,American football,Stadium
Ellis Park Stadium,"62,567",Johannesburg,South Africa,Africa,"Golden Lions, Lions, Orlando Pirates F.C.","Rugby union, association football",Stadium
Veltins-Arena,"62,271",Gelsenkirchen,Germany,Europe,FC Schalke 04,Association football,Stadium
Shanxi Sports Centre Stadium,"62,000","Taiyuan, Shanxi",China,East Asia,,"Association football, athletics",Stadium
Scott Stadium,"61,500","Albemarle County, Virginia(postal address Charlottewsville)",United States,North America,Virginia Cavaliers football,American football,Stadium
Soldier Field,"61,500",Chicago,United States,North America,"Chicago Bears, Chicago Fire FC","American football, soccer",Stadium
Yale Bowl,"61,446","New Haven, Connecticut",United States,North America,Yale Bulldogs football,American football,Stadium
Ross-Ade Stadium,"61,441","West Lafayette, Indiana",United States,North America,Purdue Boilermakers football,American football,Stadium
Optus Stadium,"61,266",Perth,Australia,Oceania,"Fremantle Dockers, West Coast Eagles, Australia Wallabies, Perth Scorchers, Australia national cricket team, Western Australia cricket team*","Australian rules football, Rugby union, cricket",Stadium
Dalian Sports Center Stadium,"61,000","Dalian, Liaoning",China,East Asia,,"Association football, athletics",Stadium
L N Federal Credit Union Stadium,"61,000","Louisville, Kentucky",United States,North America,Louisville Cardinals football,American football,Stadium
Kroger Field,"61,000","Lexington, Kentucky",United States,North America,Kentucky Wildcats football,American football,Stadium
Benito Villamarín,"60,721",Seville,Spain,Europe,Real Betis,Association football,Stadium
Emirates Stadium,"60,704",London,United Kingdom,Europe,Arsenal,Association football,Stadium
Gies Memorial Stadium,"60,670","Champaign, Illinois",United States,North America,Illinois Fighting Illini football,American football,Stadium
Grêmio Arena,"60,540",Porto Alegre,Brazil,South America,Grêmio FBPA,Association football,Stadium
Mississippi Veterans Memorial Stadium,"60,492","Jackson, Mississippi",United States,North America,Jackson State Tigers,American football,Stadium
Jones AT T Stadium,"60,454","Lubbock, Texas",United States,North America,Texas Tech Red Raiders football,American football,Stadium
Shenzhen Universiade Sports Centre,"60,334",Shenzhen,China,East Asia,,Athletics,Stadium
Davis Wade Stadium,"60,311","Mississippi State, Mississippi",United States,North America,Mississippi State Bulldogs football,American football,Stadium
Stade Municipal de Kintélé,"60,055",Brazzaville,Congo,Africa,Congo national football team,Association football,Stadium
Estádio do Arruda,"60,044",Recife,Brazil,South America,Santa Cruz Futebol Clube,Association football,Stadium
Bahir Dar Stadium,"60,000",Bahir Dar,Ethiopia,Africa,"Ethiopia national football team, Bahir Dar Kenema F.C.",Association football,Stadium
Benjamin Mkapa Stadium,"60,000",Dar es Salaam,Tanzania,Africa,"Tanzania national football team, Simba SC, Young Africans",Association football,Stadium
Guangxi Sports Center Stadium,"60,000","Nanning, Guangxi",China,East Asia,local football teams,"Association football, athletics",Stadium
Hefei Olympic Sports Center Stadium,"60,000","Hefei, Anhui",China,East Asia,local football teams,"Association football, athletics",Stadium
Milan Puskar Stadium,"60,000","Morgantown, West Virginia",United States,North America,West Virginia Mountaineers football,American football,Stadium
Morodok Techo National Stadium,"60,000",Phnom Penh,Cambodia,South East Asia,Cambodia national football team,Association football,Stadium
Moshood Abiola National Stadium,"60,000",Abuja,Nigeria,Africa,Nigeria national football team,Association football,Stadium
National Heroes Stadium,"60,000",Lusaka,Zambia,Africa,Zambia national football team,Association football,Stadium
Nanjing Olympic Sports Center,"60,000","Nanjing, Jiangsu",China,East Asia,,"Association football, athletics",Stadium
Odi Stadium,"60,000",Mabopane,South Africa,Africa,Garankuwa United,Association football,Stadium
Ordos Sports Centre Stadium,"60,000",Ordos,China,East Asia,,Athletics,Stadium
Shenyang Olympic Sports Center Stadium,"60,000","Shenyang, Liaoning",China,East Asia,,"Association football, athletics",Stadium
Stade Léopold Sédar Senghor,"60,000",Dakar,Senegal,Africa,"Senegal national football team, ASC Jeanne d'Arc",Association football,Stadium
Tigray Stadium,"60,000",Mekelle,Ethiopia,Africa,"Mekelle City, Shire Endaselassie F.C., Dedebit F.C.",Association football,Stadium
Stade Tata Raphaël,"60,000",Kinshasa,Democratic Republic of the Congo,Africa,"Daring Club Motema Pembe, AS Vita Club",Association football,Stadium
Tianhe Stadium,"60,000","Guangzhou, Guangdong",China,East Asia,,Association football,Stadium
Haixia Olympic Center Stadium,"59,562",Fuzhou,China,East Asia,,Athletics,Stadium
Chongqing Olympic Sports Center,"58,680",Chongqing,China,East Asia,,Association football,Stadium
PGE Stadion Narodowy,"58,580",Warsaw,Poland,Europe,Poland national football team,Association football,Stadium
Stadio San Nicola,"58,248",Bari,Italy,Europe,A.S. Bari,Association football,Stadium
Arizona Stadium,"57,803","Tucson, Arizona",United States,North America,Arizona Wildcats football,American football,Stadium
Volksparkstadion,"57,030",Hamburg,Germany,Europe,Hamburger SV,Association football,Stadium
Estadio Mario Alberto Kempes,"57,000",Córdoba,Argentina,South America,,Association football,Stadium
Jinan Olympic Sports Center Stadium,"56,808","Jinan, Shandong",China,East Asia,Shandong Taishan,"Association football, athletics",Stadium
Estadio Jalisco,"56,713",Guadalajara,Mexico,North America,"Club Atlas, Leones Negros UdeG",Association football,Stadium
Commonwealth Stadium,"56,302",Edmonton,Canada,North America,Edmonton Elks,"Canadian football, association football, rugby union, athletics",Stadium
Olympic Stadium,"56,040",Montreal,Canada,North America,"Montreal Alouettes*, 122  CF Montréal* 123 ","Canadian football, baseball, association football",Stadium
Dodger Stadium,"56,000",Los Angeles,United States,North America,Los Angeles Dodgers,Baseball,Stadium
19 May 1956 Stadium,"56,000",Annaba,Algeria,Africa,USM Annaba,Association football,Stadium
City of Manchester Stadium,"55,097",Manchester,United Kingdom,Europe,Manchester City F.C.,Association football,Stadium
Singapore National Stadium,"55,000",Singapore,Singapore,Southeast Asia,Singapore national football team,"Association football, rugby, cricket, athletics",Stadium
Rajiv Gandhi International Cricket Stadium,"55,000",Hyderabad,India,South Asia,"Indian National Cricket  team, Sunrisers Hyderabad","Cricket, athletics",Stadium
Bobby Dodd Stadium,"55,000",Atlanta,United States,North America,Georgia Tech Yellow Jackets football,American football,Stadium
Estadio Latinoamericano,"55,000",Havana,Cuba,South America,"Industriales, Metropolitanos",Baseball,Stadium
Helong Sports Center Stadium,"55,000","Changsha, Hunan",China,East Asia,Hunan Billows F.C. (Hunan Xiangtao),Association football,Stadium
Semple Stadium,"55,000",Thurles,Ireland,Europe,Tipperary GAA,"Hurling, Gaelic football",Stadium
National Stadium,"55,000",Kaohsiung,Taiwan,East Asia,,Association football,Stadium
Plovdiv Stadium,"55,000",Plovdiv,Bulgaria,Europe,junior football teams,"Association football, athletics",Stadium
Stadio Diego Armando Maradona,"54,726",Naples,Italy,Europe,Napoli,Association football,Stadium
Tianjin Olympic Centre Stadium,"54,696",Tianjin,China,East Asia,Tianjin Jinmen Tiger,Association football,Stadium
Esprit Arena,"54,600",Düsseldorf,Germany,Europe,Fortuna Düsseldorf,Association football,Stadium
BC Place,"54,320",Vancouver,Canada,North America,"BC Lions, Vancouver Whitecaps FC","Canadian football, association football",Stadium
Yankee Stadium,"54,251",New York City,United States,North America,"New York Yankees, New York City FC","Baseball, association football",Stadium
Hrazdan Stadium,"54,208",Yerevan,Armenia,Western Asia,Armenia national football team,Association football,Stadium
Borussia-Park,"54,067",Mönchengladbach,Germany,Europe,Borussia Mönchengladbach,Association football,Stadium
Autzen Stadium,"54,000","Eugene, Oregon",United States,North America,Oregon Ducks football,American football,Stadium
Busan Asiad Stadium,"53,864",Busan,South Korea,East Asia,Busan IPark,Association football,Stadium
Folsom Field,"53,750","Boulder, Colorado",United States,North America,Colorado Buffaloes football,American football,Stadium
Estadio Único Diego Armando Maradona,"53,600",La Plata,Argentina,South America,"Club de Gimnasia y Esgrima La Plata*, Estudiantes de La Plata*",Association football,Stadium
Adelaide Oval,"53,500",Adelaide,Australia,Oceania,"Australia national cricket team*, Southern Redbacks, Adelaide Strikers, Adelaide Crows, Port Adelaide Football Club","Cricket, Australian rules football",Stadium
Estadio Cuscatlán,"53,400",San Salvador, El Salvador,North America,"Alianza F.C., El Salvador national football team",Association football,Stadium
Marvel Stadium,"53,359",Melbourne,Australia,Oceania,"Western Bulldogs, St Kilda FC, Carlton Football Club, Essendon Football Club, North Melbourne Football Club, Melbourne Renegades","Australian rules football, cricket, association football",Stadium
Estádio Parque do Sabiá,"53,350",Uberlândia,Brazil,South America,Uberlândia Esporte Clube,Association football,Stadium
San Mamés,"53,332",Bilbao,Spain,Europe,Athletic Bilbao,Association football,Stadium
Aleppo International Stadium,"53,200",Aleppo,Syria,Western Asia,Al-Ittihad,Association football,Stadium
National Stadium of Peru,"53,086",Lima,Peru,South America,Peru national football team,Association football,Stadium
Hill Dickinson Stadium,"52,769",Liverpool,United Kingdom,Europe,Everton F.C.,Association football,Stadium
Memorial Stadium,"52,692","Bloomington, Indiana",United States,North America,Indiana Hoosiers football,American football,Stadium
Wuhan Sports Center Stadium,"52,672","Wuhan, Hubei",China,East Asia,Wuhan Zall F.C.,Association football,Stadium
Nef Stadium,"52,652",Istanbul,Turkey,Europe,Galatasaray S.K.,Association football,Stadium
Franklin Field,"52,593",Philadelphia,United States,North America,Penn Quakers football,"American football, athletics",Stadium
Şükrü Saracoğlu Stadium,"52,530",Istanbul,Turkey,Western Asia,Fenerbahçe S.K.,Association football,Stadium
Donbas Arena,"52,518",Donetsk,Ukraine,Europe,,Association football,Stadium
Lang Park,"52,500",Brisbane,Australia,Oceania,"Queensland Maroons, Brisbane Broncos, Queensland Reds, Brisbane Roar,Australia Kangaroos*, Australia Wallabies*, Australia Socceroos*","Rugby league, rugby union, association football",Stadium
SHI Stadium,"52,454","Piscataway, New Jersey",United States,North America,Rutgers Scarlet Knights football,"American football, association football, lacrosse",Stadium
St James' Park,"52,387",Newcastle upon Tyne,United Kingdom,Europe,Newcastle United F.C.,Association football,Stadium
Bill Snyder Family Football Stadium,"52,200","Manhattan, Kansas",United States,North America,Kansas State Wildcats football,American football,Stadium
Estádio José Alvalade,"52,095",Lisbon,Portugal,Europe,Sporting Clube de Portugal,Association football,Stadium
Huainan Sports Stadium,"52,080","Huainan, Anhui",China,East Asia,local football teams,Association football,Stadium
Estadio Monumental de Maturín,"52,000",Maturín,Venezuela,South America,Monagas,Association football,Stadium
Guiyang Olympic Sports Center,"52,000","Guiyang, Guizhou",China,East Asia,,Association football,Stadium
SECU Stadium,"51,802","College Park, Maryland",United States,North America,Maryland Terrapins football,"American football, lacrosse",Stadium
Loftus Versfeld Stadium,"51,762",Pretoria,South Africa,Africa,"Bulls, Blue Bulls, South Africa national rugby union team*, SuperSport United*","Rugby union, cricket, association football",Stadium
Hohhot City Stadium,"51,632","Hohhot, Inner Mongolia",China,East Asia,local football teams,Association football,Stadium
Sun Bowl Stadium,"51,500","El Paso, Texas",United States,North America,UTEP Miners football,American football,Stadium
Shizuoka Stadium,"51,349",Fukuroi,Japan,East Asia,"Júbilo Iwata*, Shimizu S-Pulse*",Association football,Stadium
Newlands Stadium,"51,100",Cape Town,South Africa,Africa,,,Stadium
Dowdy–Ficklen Stadium,"51,000","Greenville, North Carolina",United States,North America,East Carolina Pirates football,American football,Stadium
Huntington Bank Stadium,"50,805",Minneapolis,United States,North America,Minnesota Golden Gophers football,American football,Stadium
Hocine Aït Ahmed Stadium,"50,766",Tizi Ouzou,Algeria,Africa,JS Kabylie,Association football,Stadium
Strawberry Arena,"50,653",Solna,Sweden,Europe,"AIK, Sweden men's national football team",Association football,Stadium
Independence Stadium,"50,459","Shreveport, Louisiana",United States,North America,Independence Bowl,American football,Stadium
Coors Field,"50,445","Denver, Colorado",United States,North America,Colorado Rockies,Baseball,Stadium
Stanford Stadium,"50,424","Stanford, California",United States,North America,Stanford Cardinal football,American football,Stadium
Incheon Munhak Stadium,"50,256",Incheon,South Korea,East Asia,,Association football,Stadium
Stade Pierre-Mauroy,"50,186",Villeneuve-d'Ascq,France,Europe,Lille OSC,Association football,Stadium
Ajinomoto Stadium,"50,100",Chōfu,Japan,East Asia,"FC Tokyo, Tokyo Verdy",Association football,Stadium
David Booth Kansas Memorial Stadium,"50,071","Lawrence, Kansas",United States,North America,Kansas Jayhawks football,American football,Stadium
Estádio do Dragão,"50,033",Porto,Portugal,Europe,FC Porto,Association football,Stadium
Brabourne Stadium,"50,000",Mumbai,India,South Asia,"Bombay Quadrangular, Rajasthan Royals",Cricket,Stadium
JSCA International Cricket Stadium,"50,000",Ranchi,India,South Asia,"India national cricket team, Jharkhand cricket team",Cricket,Stadium
Kozhikode Corporation EMS Stadium,"50,000",Kozhikode,India,South Asia,Gokulam Kerala,"Association football, Cricket",Stadium
Charles Mopeli Stadium,"50,000",Phuthaditjhaba,South Africa,Africa,Free State Stars*,Association football,Stadium
Eden Park,"50,000",Auckland,New Zealand,Oceania,"Auckland Blues, New Zealand national rugby union team*, Auckland Aces*, New Zealand national cricket team*","Rugby union, cricket",Stadium
Edion Stadium Hiroshima,"50,000",Hiroshima,Japan,East Asia,Sanfrecce Hiroshima,Association football,Stadium
Nagai Stadium,"50,000",Osaka,Japan,East Asia,Cerezo Osaka,"Association football, athletics",Stadium
Stade du 26 Mars,"50,000",Bamako,Mali,Africa,Stade Malien,Association football,Stadium
Sultan Mizan Zainal Abidin Stadium,"50,000",Kuala Terengganu,Malaysia,Southeast Asia,Terengganu FC,"Association football, athletics",Stadium
Henan Provincial Stadium,"50,000","Zhengzhou, Henan",China,East Asia,local football teams,Association football,Stadium
Xinjiang Sports Centre,"50,000","Ürümqi, Xinjiang",China,East Asia,local football teams,Association football,Stadium
Wenzhou Olympic Sports Center Stadium,"50,000","Wenzhou, Zhejiang",China,East Asia,,Association football,Stadium
Estádio 11 de Novembro,"50,000",Luanda,Angola,Africa,,Association football,Stadium
Guangzhou University City Stadium,"50,000","Guangzhou, Guangdong",China,East Asia,local football teams,Association football,Stadium
Jiangxi Olympic Sports Center,"50,000","Nanchang, Jiangxi",China,East Asia,local football teams,"Association football, athletics",Stadium
Max-Morlock-Stadion,"50,000",Nuremberg,Germany,Europe,1. FC Nürnberg,Association football,Stadium
RheinEnergieStadion,"50,000",Cologne,Germany,Europe,1. FC Köln,Association football,Stadium
Qingdao Youth Football Stadium,"50,000","Qingdao, Shandong",China,East Asia,,Association football,Stadium
Kai Tak Sports Park Main Stadium,"50,000",Hong Kong,China,East Asia,"Hong Kong national football team, Hong Kong national rugby union team","Association football, Rugby union",Stadium
Fritz-Walter-Stadion,"49,780",Kaiserslautern,Germany,Europe,1. FC Kaiserslautern,Association football,Stadium
José Amalfitani Stadium,"49,540",Buenos Aires,Argentina,South America,"Club Atlético Vélez Sarsfield, Argentina national rugby union team*, Jaguares","Association football, rugby union",Stadium
Mestalla,"49,430",Valencia,Spain,Europe,Valencia CF,Association football,Stadium
JMA Wireless Dome,"49,250","Syracuse, New York",United States,North America,"Syracuse Orange football, Syracuse Orange men's basketball, Syracuse Orange men's lacrosse, Syracuse Orange women's basketball","American football, basketball, lacrosse",Stadium
Miyagi Stadium,"49,133",Rifu,Japan,East Asia,Vegalta Sendai*,"Association football, athletics",Stadium
Globe Life Park in Arlington,"49,115","Arlington, Texas",United States,North America,"Dallas Renegades, North Texas SC","American football, association football",Stadium
Chase Field,"49,033","Phoenix, Arizona",United States,North America,Arizona Diamondbacks,Baseball,Stadium
Niedersachsenstadion,"49,000",Hanover,Germany,Europe,Hannover 96,Association football,Stadium
Queensland Sport and Athletics Centre,"49,000",Brisbane,Australia,Oceania,,"Rugby league, Athletics",Stadium
Oriole Park at Camden Yards,"48,876",Baltimore,United States,North America,Baltimore Orioles,Baseball,Stadium
Parc des Princes,"48,712",Paris,France,Europe,Paris Saint-Germain,Association football,Stadium
Estadio Nacional Julio Martínez Prádanos,"48,665",Santiago,Chile,South America,"Chile national football team, Club Universidad de Chile*","Association football, athletics",Stadium
Nelson Mandela Bay Stadium,"48,459",Port Elizabeth,South Africa,Africa,"Southern Kings, Eastern Province Elephants","Rugby union, association football",Stadium
Estadio Tomás Adolfo Ducó,"48,314",Buenos Aires,Argentina,South America,Club Atlético Huracán,Association football,Stadium
T-Mobile Park,"48,116",Seattle,United States,North America,Seattle Mariners,Baseball,Stadium
Rajamangala Stadium,"48,000",Bangkok,Thailand,Southeast Asia,Thailand national football team,Association football,Stadium
Harbin International Convention Exhibition and Sports Center,"48,000",Harbin,China,East Asia,,Athletics,Stadium
Sydney Cricket Ground,"48,000",Sydney,Australia,Oceania,"Australia national cricket team*, Sydney Roosters, New South Wales Blues (cricket), Sydney 6ers, Sydney Swans, Sydney FC","Cricket, Australian rules football, rugby league, Association football",Stadium
Estadio Malvinas Argentinas,"48,000",Mendoza,Argentina,South America,Ciudad de Mendoza,Association football,Stadium
Fisht Olympic Stadium,"47,659",Sochi,Russia,Europe,PFC Sochi,"Association football, athletics",Stadium
Protective Stadium,"47,100",Birmingham,United States,North America,"Birmingham Legion FC, Birmingham Stallions, UAB Blazers","American football, association football",Stadium
Estadio Monumental David Arellano,"47,017",Santiago,Chile,South America,Colo-Colo,Association football,Stadium
Estádio Olímpico Nilton Santos,"46,931",Rio de Janeiro,Brazil,South America,Botafogo,"Association football, athletics",Stadium
Busch Stadium,"46,861",St. Louis,United States,North America,St. Louis Cardinals,Baseball,Stadium
Estadio Metropolitano Roberto Meléndez,"46,788",Barranquilla,Colombia,South America,"Colombia national football team, Atlético Junior",Association football,Stadium
Peter Mokaba Stadium,"46,000",Polokwane,South Africa,Africa,,Association football,Stadium
Estádio Prudentão,"45,954",Presidente Prudente,Brazil,South America,,Association football,Stadium
Tokyo Dome,"45,600",Tokyo,Japan,East Asia,Yomiuri Giants,Baseball,Stadium
Volgograd Arena,"45,568",Volgograd,Russia,Europe,FC Rotor Volgograd,Association football,Stadium
Amahoro National Stadium,"45,508",Kigali,Rwanda,Africa,"APR F.C., Rwanda national football team, Rayon Sports F.C., S.C. Kiyovu Sports...",Association football,Stadium
Páirc Uí Chaoimh,"45,500",Cork,Ireland,Europe,Cork GAA,"Hurling, Gaelic football",Stadium
Ramón Sánchez Pizjuán Stadium,"45,500",Seville,Spain,Europe,Sevilla FC,Association football,Stadium
Adrar Stadium,"45,480",Agadir,Morocco,Africa,Hassania Agadir,Association football,Stadium
Arena MRV,"45,414",Belo Horizonte,Brazil,South America,Atlético Mineiro,Association football,Stadium
Lukoil Arena,"45,360",Moscow,Russia,Europe,FC Spartak Moscow,Association football,Stadium
Mandela National Stadium,"45,202",Kampala,Uganda,Africa,Uganda national football team,Association football,Stadium
McLane Stadium,"45,140","Waco, Texas",United States,North America,Baylor Bears football,American football,Stadium
Wrocław Municipal Stadium,"45,105",Wrocław,Poland,Europe,Śląsk Wrocław,Association football,Stadium
Kazan Arena,"45,105",Kazan,Russia,Europe,FC Rubin Kazan,"Association football, athletics",Stadium
Estadio Garcilaso,"45,056",Cusco,Peru,South America,Cienciano,Association football,Stadium
Angel Stadium of Anaheim,"45,050","Anaheim, California",United States,North America,Los Angeles Angels,Baseball,Stadium
Mangueirão,"45,007",Belém,Brazil,South America,"Paysandu Sport Club*, Clube do Remo*",Association football,Stadium
Egyptian Army Stadium,"45,000",Suez,Egypt,Africa,Petrojet,Association football,Stadium
24 February 1956 Stadium,"45,000",Sidi Bel Abbès,Algeria,Africa,USM Bel Abbès,Association football,Stadium
Estádio Olímpico Monumental,"45,000",Porto Alegre,Brazil,South America,,Association football,Stadium
Gelora Bung Tomo Stadium,"45,000",Surabaya,Indonesia,Southeast Asia,Persebaya Surabaya,"Association football, athletics",Stadium
Ashgabat Olympic Stadium,"45,000",Ashgabat,Turkmenistan,Central Asia,Turkmenistan national football team,Association football,Stadium
Harapan Bangsa Stadium,"45,000",Banda Aceh,Indonesia,Southeast Asia,Persiraja Banda Aceh,Association football,Stadium
National Hockey Stadium,"45,000",Lahore,Pakistan,South Asia,Pakistan national field hockey team,Field hockey,Stadium
Estadio General Pablo Rojas,"45,000",Asunción,Paraguay,South America,Cerro Porteño,Association football,Stadium
Barabati Stadium,"45,000",Cuttack,India,South Asia,Odisha Cricket Association,Cricket,Stadium
Qingdao Conson Stadium,"45,000",Qingdao,China,East Asia,,Association football,Stadium
Morenão,"45,000",Campo Grande,Brazil,South America,Federal University of Mato Grosso do Sul,Association football,Stadium
Fez Stadium,"45,000",Fes,Morocco,Africa,Maghreb de Fès,Association football,Stadium
Free State Stadium,"45,000",Bloemfontein,South Africa,Africa,"Free State Cheetahs, Cheetahs, Bloemfontein Celtic",Rugby union,Stadium
Rostov Arena,"45,000",Rostov-on-Don,Russia,Europe,FC Rostov,Association football,Stadium
Citi Field,"45,000",New York City,United States,North America,New York Mets,Baseball,Stadium
Yantai Sports Park Stadium,"45,000","Yantai, Shandong",China,East Asia,local football teams,Association football,Stadium
Panathenaic Stadium,"45,000",Athens,Greece,Europe,,Athletics,Stadium
Stade Omar Bongo,"45,000",Libreville,Gabon,Africa,FC 105 Libreville,Association football,Stadium
National Stadium,"45,000",Lagos,Nigeria,Africa,Nigeria national football team*,Association football,Stadium
Zibo Sports Center Stadium,"45,000","Zibo, Shandong",China,East Asia,local football teams,Association football,Stadium
Weifang Sports Center Stadium,"45,000","Weifang, Shandong",China,East Asia,local football teams,Association football,Stadium
Orlando Stadium,"45,000",Johannesburg,South Africa,Africa,"Orlando Pirates, Moroka Swallows",Association football,Stadium
Latakia Sports City Stadium,"45,000",Latakia,Syria,Western Asia,,Association football,Stadium
Solidarnost Samara Arena,"44,918",Samara,Russia,Europe,PFC Krylia Sovetov Samara,Association football,Stadium
Nizhny Novgorod Stadium,"44,899",Nizhny Novgorod,Russia,Europe,Pari NN,Association football,Stadium
Alumni Stadium,"44,500",Boston(postal address Chestnut Hill),United States,North America,Boston College Eagles football,American football,Stadium
Acrisure Bounce House,"44,206","Orange County, Florida(postal address Orlando)",United States,North America,UCF Knights football,American football,Stadium
Albertão,"44,200",Teresina,Brazil,South America,Esporte Clube Flamengo*,Association football,Stadium
Gwangju World Cup Stadium,"44,118",Gwangju,South Korea,East Asia,Gwangju FC,Association football,Stadium
Ulsan Munsu Football Stadium,"44,102",Ulsan,South Korea,East Asia,Ulsan HD,Association football,Stadium
Gaelic Grounds,"44,032",Limerick,Ireland,Europe,Limerick GAA,"Hurling, Gaelic football",Stadium
Amon G. Carter Stadium,"44,008","Fort Worth, Texas",United States,North America,TCU Horned Frogs football,American football,Stadium
Levy Mwanawasa Stadium,"44,000",Ndola,Zambia,Africa,Zambia national football team,Association football,Stadium
Suwon World Cup Stadium,"43,959",Suwon,South Korea,East Asia,Suwon Samsung Bluewings,Association football,Stadium
Riau Main Stadium,"43,923",Pekanbaru,Indonesia,Southeast Asia,PSPS Riau,Association football,Stadium
Shandong Provincial Stadium,"43,700","Jinan, Shandong",China,East Asia,local football teams,Association football,Stadium
Citizens Bank Park,"43,500",Philadelphia,United States,North America,Philadelphia Phillies,Baseball,Stadium
Mbombela Stadium,"43,500",Nelspruit,South Africa,Africa,,Association football,Stadium
Estadio Pedro Bidegain,"43,494",Buenos Aires,Argentina,South America,Club Atlético San Lorenzo de Almagro,Association football,Stadium
Jeonju World Cup Stadium,"43,348",Jeonju,South Korea,East Asia,Jeonbuk Hyundai Motors,Association football,Stadium
Progressive Field,"43,345","Cleveland, Ohio",United States,North America,Cleveland Guardians,Baseball,Stadium
Poznań Municipal Stadium,"43,269",Poznań,Poland,Europe,Lech Poznań,Association football,Stadium
Reser Stadium,"43,154","Corvallis, Oregon",United States,North America,Oregon State Beavers football,American football,Stadium
Stadio Artemio Franchi,"43,147",Florence, Italy,Europe,ACF Fiorentina,Association football,Stadium
Saifai International Cricket Stadium,"43,000",Saifai,India,South Asia,Uttar Pradesh cricket team,Cricket,Stadium
Estadio Universidad San Marcos,"43,000",Lima,Peru,South America,,Association football,Stadium
Fitzgerald Stadium (Staidiam Mhic Gearailt),"43,000",Killarney,Ireland,Europe,Kerry GAA,"Gaelic football, hurling",Stadium
Ullevi,"43,000",Gothenburg,Sweden,Europe,,"Association football, athletics",Stadium
Sapporo Dome,"42,831",Sapporo,Japan,East Asia,"Consadole Sapporo, Hokkaido Nippon-Ham Fighters","Association football, baseball",Stadium
Villa Park,"42,788",Birmingham,United Kingdom,Europe,Aston Villa F.C.,Association football,Stadium
Zhuzhou Stadium,"42,740","Zhuzhou, Hunan",China,East Asia,local football teams,Association football,Stadium
Estadio Cuauhtémoc,"42,648",Puebla,Mexico,North America,Puebla F.C.,Association football,Stadium
Red Bull Arena,"42,558",Leipzig,Germany,Europe,RB Leipzig,Association football,Stadium
Estadio Metropolitano de Mérida,"42,500",Mérida,Venezuela,South America,Estudiantes de Mérida,Association football,Stadium
Perak Stadium,"42,500",Ipoh,Malaysia,Southeast Asia,Perak FA,Association football,Stadium
Ahmadou Ahidjo Stadium,"42,500",Yaoundé,Cameroon,Africa,"Canon Yaoundé, Tonnerre Yaoundé, Louves Minproff",Association football,Stadium
Estadio Defensores del Chaco,"42,354",Asunción,Paraguay,South America,Paraguay national football team,Association football,Stadium
Denka Big Swan Stadium,"42,300",Niigata,Japan,East Asia,Albirex Niigata,Association football,Stadium
American Family Field,"42,200",Milwaukee,United States,North America,Milwaukee Brewers,Baseball,Stadium
Estadio Hernando Siles,"42,148",La Paz,Bolivia,South America,"Bolivia national football team, La Paz F.C., Club Bolívar*, The Strongest*",Association football,Stadium
Nouveau Stade de Bordeaux,"42,115",Bordeaux,France,Europe,"FC Girondins de Bordeaux, Union Bordeaux Bègles*","Association football, rugby union",Stadium
Weserstadion,"42,100",Bremen,Germany,Europe,Werder Bremen,Association football,Stadium
Great American Ball Park,"42,059",Cincinnati,United States,North America,Cincinnati Reds,Baseball,Stadium
Estádio do Zimpeto,"42,055",Maputo,Mozambique,Africa,,"Association football, athletics",Stadium
The Gabba,"42,000",Brisbane,Australia,Oceania,"Australia national cricket team*, Queensland Bulls, Brisbane Heat, Brisbane Lions","Cricket, Australian rules football",Stadium
McHale Park (Páirc Mhic Éil),"42,000",Castlebar,Ireland,Europe,Mayo GAA,"Gaelic football, hurling",Stadium
Estadio Universitario,"42,000",San Nicolás de los Garza,Mexico,North America,Tigres UANL,Association football,Stadium
Arena da Baixada,"42,000",Curitiba,Brazil,South America,Athletico Paranaense,Association football,Stadium
Chengdu Sports Centre,"42,000","Chengdu, Sichuan",China,East Asia,,Association football,Stadium
Stade Geoffroy-Guichard,"42,000",Saint-Étienne,France,Europe,AS Saint-Étienne,Association football,Stadium
Royal Bafokeng Stadium,"42,000",Phokeng,South Africa,Africa,,"Rugby union, association football, athletics",Stadium
Konya Metropolitan Municipality Stadium,"42,000",Konya,Turkey,Western Asia,Konyaspor,Association football,Stadium
Estadio Deportivo Cali,"42,000",Palmira,Colombia,South America,Deportivo Cali,Association football,Stadium
Estadio Presidente Juan Domingo Perón,"41,900",Avellaneda,Argentina,South America,Racing Club de Avellaneda,Association football,Stadium
Darul Makmur Stadium,"41,895",Kuantan,Malaysia,Southeast Asia,Pahang FA,"Association football, Athletics",Stadium
Nationals Park,"41,888","Washington, D.C.",United States,North America,Washington Nationals,Baseball,Stadium
Estadio Gigante de Arroyito,"41,654",Rosario,Argentina,South America,Rosario Central,Association football,Stadium
Wrigley Field,"41,649",Chicago,United States,North America,Chicago Cubs,Baseball,Stadium
Changchun Stadium,"41,638","Changchun, Jilin",China,East Asia,Changchun Yatai,Association football,Stadium
Estadio Rodrigo Paz Delgado,"41,575",Quito,Ecuador,South America,Liga Deportiva Universitaria,Association football,Stadium
Estádio Serra Dourada,"41,574",Goiânia,Brazil,South America,"Goiás Esporte Clube*, Vila Nova Futebol Clube*",Association football,Stadium
Juventus Stadium,"41,507",Turin,Italy,Europe,Juventus FC,Association football,Stadium
Wuyuan River Stadium,"41,506",Haikou,China,East Asia,,"Athletics, concerts",Stadium
Oracle Park,"41,503",San Francisco,United States,North America,San Francisco Giants,"Baseball, American football",Stadium
Estadio Morelos,"41,500",Morelia,Mexico,North America,Monarcas Morelia,Association football,Stadium
Goyang Stadium,"41,311",Goyang,South Korea,East Asia,,Association football,Stadium
Polideportivo Cachamay,"41,300",Ciudad Guayana,Venezuela,South America,Mineros de Guayana,Association football,Stadium
Daejeon World Cup Stadium,"41,295",Daejeon,South Korea,East Asia,Daejeon Hana Citizen,Association football,Stadium
Plaza de Toros México,"41,262",Mexico City,Mexico,North America,,Bullfighting,Stadium
Daikin Park,"41,168","Houston,",United States,North America,Houston Astros,Baseball,Stadium
Truist Park,"41,084","Cumberland, Georgia(postal address Atlanta)",United States,North America,Atlanta Braves,Baseball,Stadium
Comerica Park,"41,083",Detroit,United States,North America,Detroit Tigers,Baseball,Stadium
Alejandro Villanueva Stadium,"40,938",Lima,Peru,South America,Club Alianza Lima,Association football,Stadium
Suzhou Olympic Sports Centre,"40,933",Suzhou,China,East Asia,,Athletics,Stadium
Nelson Mandela Stadium,"40,784",Algiers,Algeria,Africa,,Association football,Stadium
Şenol Güneş Sports Complex,"40,782",Trabzon,Turkey,Western Asia,Trabzonspor,Association football,Stadium
Kashima Soccer Stadium,"40,728",Kashima,Japan,East Asia,Kashima Antlers,Association football,Stadium
Valley Children's Stadium,"40,727","Fresno, California",United States,North America,Fresno State Bulldogs football,American football,Stadium
Estadio Campeón del Siglo,"40,700",Montevideo,Uruguay,South America,Club Atlético Peñarol,Association football,Stadium
Guaranteed Rate Field,"40,615",Chicago,United States,North America,Chicago White Sox,Baseball,Stadium
Taipei Dome,"40,575","Taipei, Taiwan",Taiwan,East Asia,TBD,Baseball,Stadium
Baotou Olympic Sports Centre Stadium,"40,545",Baotou,China,East Asia,,Athletics,Stadium
Baba Yara Stadium,"40,528",Kumasi,Ghana,Africa,"Asante Kotoko, King Faisal Babes",Association football,Stadium
Estádio Couto Pereira,"40,502",Curitiba,Brazil,South America,Coritiba Foot Ball Club,Association football,Stadium
Estadi Cornellà-El Prat,"40,500",Barcelona,Spain,Europe,RCD Espanyol,Association football,Stadium
Nagoya Dome,"40,500",Nagoya,Japan,East Asia,Chunichi Dragons,Baseball,Stadium
Estadio Monumental Virgen de Chapi,"40,370",Arequipa,Peru,South America,"FBC Melgar, IDUNSA",Association football,Stadium
Stamford Bridge,"40,343",London,United Kingdom,Europe,Chelsea F.C.,Association football,Stadium
Estadio Ciudad de Lanús – Néstor Díaz Pérez,"40,320",Lanús,Argentina,South America,Club Atlético Lanús,Association football,Stadium
Estadio Metropolitano de Cabudare,"40,312",Cabudare,Venezuela,South America,Unión Lara,Association football,Stadium
Globe Life Field,"40,300",Arlington,United States,North America,Texas Rangers,Baseball,Stadium
Lukas Enembe Stadium,"40,263",Jayapura,Indonesia,Southeast Asia,,"Association football, athletics",Stadium
Mỹ Đình National Stadium,"40,192",Hanoi,Vietnam,Southeast Asia,"Vietnam national football team, Viettel FC",Association football,Stadium
Miloud Hadefi Stadium,"40,143",Oran,Algeria,Africa,"MC Oran, Algeria national football team",Association football,Stadium
Estadio George Capwell,"40,024",Guayaquil,Ecuador,South America,Club Sport Emelec,Association football,Stadium
OSC Metalist,"40,003",Kharkiv,Ukraine,Europe,"Metalist 1925 Kharkiv, Shakhtar Donetsk",Association football,Stadium
"Jawaharlal Nehru Stadium, Chennai","40,000",Chennai,India,South Asia,"India national football team*, Chennaiyin FC, Indian Bank Recreational Club",Association football,Stadium
Ladd–Peebles Stadium,"40,000","Mobile, Alabama",United States,North America,South Alabama Jaguars football,American football,Stadium
Batakan Stadium,"40,000",Balikpapan,Indonesia,Southeast Asia,Persiba Balikpapan,Association football,Stadium
TDECU Stadium,"40,000",Houston,United States,North America,"Houston Cougars football, Houston Roughnecks",American football,Stadium
Hang Jebat Stadium,"40,000",Malacca,Malaysia,Southeast Asia,"Melaka F.C.*,",Association football,Stadium
Resonac Dome Oita,"40,000",Ōita,Japan,East Asia,Oita Trinita,Association football,Stadium
Hong Kong Stadium,"40,000",Hong Kong,China,East Asia,"Hong Kong national football team, Hong Kong national rugby union team","Association football, Rugby union",Stadium
JRD Tata Sports Complex,"40,000",Jamshedpur,India,South Asia,local football teams,Association football,Stadium
28 March Stadium,"40,000",Benghazi,Libya,Africa,"Al-Ahly Benghazi, Al-Nasr Benghazi, Al Tahaddy Benghazi, Libya national football team*",Association football,Stadium
Penang State Stadium,"40,000",Batu Kawan,Malaysia,Southeast Asia,Penang FA*,Association football,Stadium
Accra Sports Stadium,"40,000",Accra,Ghana,Africa,"Accra Hearts of Oak, Accra Great Olympics",Association football,Stadium
Pratt   Whitney Stadium,"40,000","East Hartford, Connecticut",United States,North America,UConn Huskies football,American football,Stadium
Sarawak Stadium,"40,000",Kuching,Malaysia,Southeast Asia,Sarawak FA,Association football,Stadium
Stade d'Angondjé,"40,000",Angondjé,Gabon,Africa,Gabon national football team,Association football,Stadium
Bogyoke Aung San Stadium,"40,000",Yangon,Myanmar,Southeast Asia,local football teams,Association football,Stadium
Wuhu Olympic Stadium,"40,000","Wuhu, Anhui",China,East Asia,local football teams,Association football,Stadium
Hauptstadion,"40,000",Aachen,Germany,Europe,Aachen-Laurensberger Rennverein  de ,Equestrian and show jumping,Stadium
Xining Stadium,"40,000",Xining,China,East Asia,local football teams,Association football,Stadium
Shaoxing China Textile City Sports Center,"40,000",Shaoxing,China,East Asia,,Athletics,Stadium
Anqing Sports Centre Stadium,"40,000",Anqing,China,East Asia,,Athletics,Stadium
Monumental Stadium of Caracas Simón Bolívar,"40,000",Caracas,Venezuela,South America,Leones del Caracas,Baseball,Stadium
Mineirinho,"25,000",Belo Horizonte,Brazil,,,,Indoor Arena
SKA Arena,"22,500",Saint Petersburg, Russia,,,,Indoor Arena
Arena Ciudad de México 4 ,"22,300",Mexico City,Mexico,,,,Indoor Arena
Bell Centre,"22,114",Montreal,Canada,,,,Indoor Arena
KFC Yum! Center,"22,090","Louisville, Kentucky", United States,,,,Indoor Arena
Dean Smith Center,"21,750","Chapel Hill, North Carolina",United States,,,,Indoor Arena
Thompson–Boling Arena,"21,678","Knoxville, Tennessee",United States,,,,Indoor Arena
United Center,"20,917",Chicago, United States,,,,Indoor Arena
Amerant Bank Arena,"20,737","Sunrise, Florida", United States,,,,Indoor Arena
Tacoma Dome,"20,722","Tacoma, Washington",United States,,,,Indoor Arena
Benchmark International Arena,"20,500","Tampa, Florida", United States,,,,Indoor Arena
Canadian Tire Centre,"20,500",Ottawa, Canada,,,,Indoor Arena
Xfinity Mobile Arena,"20,478",Philadelphia,United States,,,,Indoor Arena
Capital One Arena,"20,356","Washington, D.C.", United States,,,,Indoor Arena
Little Caesars Arena,"20,335",Detroit, United States,,,,Indoor Arena
Pyongyang Gymnasium,"20,100",Pyongyang,North Korea,,,,Indoor Arena
Beach City International Stadium,"20,053",Jakarta,Indonesia,,,,Indoor Arena
MVM Dome,"20,028",Budapest,Hungary,,,,Indoor Arena
Coliseo Amauta,"20,000",Lima,Peru,,,,Indoor Arena
Giti Pasand Arena,"20,000",Isfahan,Iran,,,,Indoor Arena
Palacio de los Deportes,"20,000",Mexico City,Mexico,,,,Indoor Arena
Poliedro de Caracas,"20,000",Caracas, Venezuela,,,,Indoor Arena
Madison Square Garden,"19,812",New York City, United States,,,,Indoor Arena
Rogers Arena,"19,700",Vancouver, Canada,,,,Indoor Arena
Kaseya Center,"19,600",Miami, United States,,,,Indoor Arena
Oakland Arena,"19,596","Oakland, California", United States,,,,Indoor Arena
Ball Arena,"19,520",Denver, United States,,,,Indoor Arena
Lanxess Arena,"19,500",Cologne, Germany,,,,Indoor Arena
Lenovo Center,"19,500","Raleigh, North Carolina", United States,,,,Indoor Arena
Nationwide Arena,"19,500","Columbus, Ohio", United States,,,,Indoor Arena
Rogers Place,"19,500",Edmonton, Canada,,,,Indoor Arena
Rocket Arena,"19,432",Cleveland, United States,,,,Indoor Arena
Bridgestone Arena,"19,395","Nashville, Tennessee", United States,,,,Indoor Arena
Moda Center,"19,393","Portland, Oregon", United States,,,,Indoor Arena
Bud Walton Arena,"19,368","Fayetteville, Arkansas", United States,,,,Indoor Arena
Scotiabank Saddledome,"19,289",Calgary, Canada,,,,Indoor Arena
American Airlines Center,"19,200",Dallas, United States,,,,Indoor Arena
KeyBank Center,"19,200","Buffalo, New York", United States,,,,Indoor Arena
TD Garden,"19,156",Boston, United States,,,,Indoor Arena
Spectrum Center,"19,077","Charlotte, North Carolina", United States,,,,Indoor Arena
Crypto.com Arena,"19,076","Los Angeles, California", United States,,,,Indoor Arena
Value City Arena at the Jerome Schottenstein Center,"19,049","Columbus, Ohio", United States,,,,Indoor Arena
PPG Paints Arena,"19,000",Pittsburgh, United States,,,,Indoor Arena
Cadillac Arena,"19,000",Beijing, China,,,,Indoor Arena
T-Mobile Center,"18,972","Kansas City, Missouri", United States,,,,Indoor Arena
Freedom Hall,"18,865","Louisville, Kentucky", United States,,,,Indoor Arena
Kia Center,"18,846","Orlando, Florida", United States,,,,Indoor Arena
Target Center,"18,798",Minneapolis, United States,,,,Indoor Arena
Prudential Center,"18,711","Newark, New Jersey", United States,,,,Indoor Arena
SAP Center at San Jose,"18,543","San Jose, California", United States,,,,Indoor Arena
Smoothie King Center,"18,500",New Orleans, United States,,,,Indoor Arena
Frost Bank Center,"18,418",San Antonio, United States,,,,Indoor Arena
Gainbridge Fieldhouse,"18,345",Indianapolis, United States,,,,Indoor Arena
Honda Center,"18,336","Anaheim, California", United States,,,,Indoor Arena
CHI Health Center Omaha,"18,320","Omaha, Nebraska", United States,,,,Indoor Arena
Delta Center,"18,306",Salt Lake City, United States,,,,Indoor Arena
Climate Pledge Arena,"18,300",Seattle, United States,,,,Indoor Arena
Videotron Centre,"18,259","Quebec City, Quebec", Canada,,,,Indoor Arena
Allstate Arena,"18,211","Rosemont, Illinois", United States,,,,Indoor Arena
Paycom Center,"18,203",Oklahoma City, United States,,,,Indoor Arena
FedExForum,"18,119","Memphis, Tennessee", United States,,,,Indoor Arena
Toyota Center,"18,104",Houston, United States,,,,Indoor Arena
Enterprise Center,"18,096","St. Louis, Missouri", United States,,,,Indoor Arena
Chase Center,"18,064",San Francisco, United States,,,,Indoor Arena
Qudos Bank Arena,"18,000",Sydney, Australia,,,,Indoor Arena
Damai Center,"18,000",Dalian, China,,,,Indoor Arena
Beijing National Indoor Stadium,"18,000",Beijing, China,,,,Indoor Arena
Mercedes-Benz Arena,"18,000",Shanghai, China,,,,Indoor Arena
New Shenzhen Arena,"18,000",Shenzhen, China,,,,Indoor Arena
Shanghai Oriental Sports Center,"18,000",Shanghai, China,,,,Indoor Arena
Guangzhou International Sports Arena,"18,000",Guangzhou, China,,,,Indoor Arena
Simmons Bank Arena,"18,000","North Little Rock, Arkansas", United States,,,,Indoor Arena
Colonial Life Arena,"18,000","Columbia, South Carolina", United States,,,,Indoor Arena
Etihad Arena,"18,000",Abu Dhabi,United Arab Emirates,,,,Indoor Arena
Marriott Center,"17,978","Provo, Utah", United States,,,,Indoor Arena
Palau Sant Jordi,"17,960",Barcelona, Spain,,,,Indoor Arena
Grand Casino Arena,"17,954","Saint Paul, Minnesota", United States,,,,Indoor Arena
Xfinity Center,"17,950","College Park, Maryland", United States,,,,Indoor Arena
Intuit Dome,"17,927","Inglewood, California",United States,,,,Indoor Arena
Thomas   Mack Center,"17,923","Paradise, Nevada", United States,,,,Indoor Arena
BOK Center,"17,839","Tulsa, Oklahoma", United States,,,,Indoor Arena
Barclays Center,"17,732","Brooklyn, New York", United States,,,,Indoor Arena
Legacy Arena,"17,654","Birmingham, Alabama", United States,,,,Indoor Arena
Golden 1 Center,"17,608","Sacramento, California", United States,,,,Indoor Arena
Arena Monterrey,"17,599",Monterrey,Mexico,,,,Indoor Arena
Kia Forum,"17,500","Inglewood, California", United States,,,,Indoor Arena
Movistar Arena,"17,453",Madrid, Spain,,,,Indoor Arena
Fiserv Forum,"17,385",Milwaukee, United States,,,,Indoor Arena
FirstOntario Centre,"17,383","Hamilton, Ontario", Canada,,,,Indoor Arena
O2 Arena,"17,383",Prague,Czech Republic,,,,Indoor Arena
Capital Indoor Stadium,"17,345",Beijing, China,,,,Indoor Arena
Kohl Center,"17,287","Madison, Wisconsin", United States,,,,Indoor Arena
Simon Skjodt Assembly Hall,"17,222","Bloomington, Indiana", United States,,,,Indoor Arena
MGM Grand Garden Arena,"17,157","Paradise, Nevada", United States,,,,Indoor Arena
Desert Diamond Arena,"17,125","Glendale, Arizona", United States,,,,Indoor Arena
Footprint Center,"17,071","Phoenix, Arizona", United States,,,,Indoor Arena
Heritage Bank Center,"17,000",Cincinnati, United States,,,,Indoor Arena
Salle Omnisport de Radès,"17,000",Radès,Tunisia,,,,Indoor Arena
Ziggo Dome,"17,000",Amsterdam, Netherlands,,,,Indoor Arena
Coca-Cola Arena,"17,000",Dubai,United Arab Emirates,,,,Indoor Arena
State Farm Arena,"16,600",Atlanta, United States,,,,Indoor Arena
Pala Alpitour,"16,600",Turin, Italy,,,,Indoor Arena
Frank C. Erwin Jr. Center,"16,540","Austin, Texas", United States,,,,Indoor Arena
Indonesia Arena,"16,500",Jakarta,Indonesia,,,,Indoor Arena
Arena México,"16,500",Mexico City,Mexico,,,,Indoor Arena
Arena Zagreb,"16,500","Zagreb, Croatia",Croatia,,,,Indoor Arena
Rotterdam Ahoy,"16,500",Rotterdam, Netherlands,,,,Indoor Arena
Sinan Erdem Dome,"16,457",Istanbul,Turkey,,,,Indoor Arena
Pacific Coliseum,"16,281",Vancouver, Canada,,,,Indoor Arena
Casey's Center,"16,110","Des Moines, Iowa", United States,,,,Indoor Arena
Coliseo General Rumiñahui,"16,000",Quito,Ecuador,,,,Indoor Arena
Osaka-jo Hall,"16,000",Osaka, Japan,,,,Indoor Arena
Axiata Arena,"16,000",Kuala Lumpur,Malaysia,,,,Indoor Arena
Fernando Buesa Arena,"15,716",Vitoria-Gasteiz, Spain,,,,Indoor Arena
Accor Arena,"15,609",Paris, France,,,,Indoor Arena
Save Mart Center at Fresno State,"15,596","Fresno, California", United States,,,,Indoor Arena
PeoplesBank Arena,"15,564","Hartford, Connecticut", United States,,,,Indoor Arena
Pinnacle Bank Arena,"15,500","Lincoln, Nebraska", United States,,,,Indoor Arena
Perth Arena,"15,500",Perth, Australia,,,,Indoor Arena
Olympiahalle,"15,500",Munich, Germany,,,,Indoor Arena
Aspire Dome,"15,500",Doha,Qatar,,,,Indoor Arena
Farmasi Arena,"15,430",Rio de Janeiro,Brazil,,,,Indoor Arena
Žalgiris Arena,"15,415",Kaunas,Lithuania,,,,Indoor Arena
Bizkaia Arena,"15,414",Barakaldo, Spain,,,,Indoor Arena
The Pit,"15,411","Albuquerque, New Mexico", United States,,,,Indoor Arena
Rod Laver Arena,"15,400",Melbourne, Australia,,,,Indoor Arena
Coleman Coliseum,"15,383","Tuscaloosa, Alabama", United States,,,,Indoor Arena
Westfalenhalle,"15,380",Dortmund, Germany,,,,Indoor Arena
Arena Sofia,"15,373",Sofia,Bulgaria,,,,Indoor Arena
Canada Life Centre,"15,321",Winnipeg, Canada,,,,Indoor Arena
Allen Fieldhouse,"15,300","Lawrence, Kansas", United States,,,,Indoor Arena
Lusail Sports Arena,"15,300",Lusail,Qatar,,,,Indoor Arena
Bryce Jordan Center,"15,261","University Park, Pennsylvania", United States,,,,Indoor Arena
MVP Arena,"15,229","Albany, New York", United States,,,,Indoor Arena
SaskTel Centre,"15,100",Saskatoon, Canada,,,,Indoor Arena
United Supermarkets Arena,"15,098","Lubbock, Texas", United States,,,,Indoor Arena
Minsk-Arena,"15,086",Minsk,Belarus,,,,Indoor Arena
Taipei Arena,"15,085",Taipei,Taiwan,,,,Indoor Arena
Mizzou Arena,"15,061","Columbia, Missouri", United States,,,,Indoor Arena
Intrust Bank Arena,"15,004","Wichita, Kansas", United States,,,,Indoor Arena
ING Arena,"15,000",Brussels, Belgium,,,,Indoor Arena
Olympic Gymnastics Arena,"15,000",Seoul,South Korea,,,,Indoor Arena
Jon M. Huntsman Center,"15,000",Salt Lake City, United States,,,,Indoor Arena
Marine Messe Fukuoka,"15,000",Fukuoka, Japan,,,,Indoor Arena
Arena Jaraguá,"15,000",Jaraguá do Sul,Brazil,,,,Indoor Arena
Ginásio de Esportes Geraldo Magalhães,"15,000",Recife,Brazil,,,,Indoor Arena
Cotai Arena,"15,000",Macau,Macau,,,,Indoor Arena
Coliseo de la Ciudad Deportiva,"15,000",Havana,Cuba,,,,Indoor Arena
Helliniko Olympic Arena,"15,000",Elliniko,Greece,,,,Indoor Arena
Taoyuan Arena,"15,000",Taoyuan,Taiwan,,,,Indoor Arena
Kaohsiung Arena,"15,000",Kaohsiung,Taiwan,,,,Indoor Arena
Hamdan Sports Complex,"15,000",Dubai, United Arab Emirates,,,,Indoor Arena
VFG Arena,"15,000",Guadalajara,Mexico,,,,Indoor Arena
Movistar Arena,"15,000",Buenos Aires,Argentina,,,,Indoor Arena
Dakar Arena,"15,000",Dakar,Senegal,,,,Indoor Arena
Meo Arena,"15,000",Lisbon,Portugal,,,,Indoor Arena
KJC King Dome,"75,000",Davao City,Philippines,Unknown,,,Indoor Arena
DD Arena,"22,296",Pardubice,Czechia,2027 30 ,,,Indoor Arena
Arena Polivalentă,"20,000",Bucharest,Romania,Unknown 31 ,,,Indoor Arena
Palaitalia,"16,000",Milan,Italy,2026 32 ,,,Indoor Arena
Bangkok Arena (Bang Na),"15,000",Bangkok,Thailand,2026 33 ,,,Indoor Arena
